,percent_rounded,percent_geochem_preserved,actual_volume,avg_r,non-uni,uni,mantle_temp,int_temp,mean_it3
250,87.2015602994876,18.3348221252999,25783768,183.33333333333334,180,190,877.5,1650,1515.82338432638
251,92.127467872216,0.0,2530520,84.66666666666667,88,78,1092.5,1860,1552.06342136899
252,81.108783198886,74.0255178210742,637672,54.666666666666664,46,72,946.0,1860,1290.4793031265
253,0.2360346184107,100.0,152520,72.0,14,188,742.5,1720,829.595741003911
254,0.0,79.5333950155132,2446952,88.0,106,52,541.5,1600,1163.41999576688
255,0.0,100.0,351096,48.666666666666664,32,82,1140.5,1600,1268.66379642944
256,46.4072041499863,96.9316966692295,905256,61.333333333333336,52,80,876.0,1640,1200.53445454297
257,93.5503012042402,4.08376688246402,12484552,150.66666666666666,180,92,861.5,1890,1617.57979250134
258,86.2163186986745,2.09865143460606,11878104,151.33333333333334,186,82,1113.0,1690,1537.82233444224
259,30.4080134185691,100.0,1187608,75.33333333333333,46,134,282.5,1630,828.718628436551
260,99.7888536286894,0.0,1928520,98.66666666666667,48,200,1505.5,1750,1627.19102466429
261,95.2894409435279,0.0,7118136,119.33333333333333,120,118,1066.5,1900,1677.18393311169
262,77.032158454931,44.494636961997,9710168,144.66666666666666,182,70,737.0,1660,1379.54705206856
263,86.2355721755906,31.5108069599353,29011304,190.66666666666666,188,196,443.5,1660,1450.94068850107
264,70.8624164752778,70.3926821520635,2845864,96.0,66,156,733.5,1690,1269.27517718092
265,92.3056392832859,2.77399443760737,3776792,106.0,72,174,1013.0,1890,1530.75218824612
266,100.0,0.0,2800312,99.33333333333333,62,174,1522.0,1810,1680.61107858262
267,0.0,49.009018912692,1746552,75.33333333333333,82,62,1080.0,1620,1367.75894968098
268,90.6777305300191,11.720976246716,5612024,120.66666666666667,152,58,912.0,1870,1523.51586736949
269,100.0,0.0,10157000,134.66666666666666,128,148,1527.5,1880,1774.77633065384
270,28.3013638973019,100.0,404136,64.0,90,12,458.5,1780,727.235844686275
271,70.437982843335,38.4592039399632,2082456,79.33333333333333,82,74,1039.5,1660,1398.30406161454
272,73.0459397526173,38.6408714238948,3738984,101.33333333333333,122,60,973.5,1660,1399.98705135845
273,33.6411711197792,100.0,518888,78.66666666666667,26,184,769.5,1670,981.401110997969
274,98.3870797943928,0.0,14438408,153.33333333333334,134,192,1426.0,1720,1649.60692961788
275,96.838913472605,0.0,10614072,139.33333333333334,118,182,1192.5,1860,1675.27001066838
276,0.0,100.0,54984,52.0,10,136,1293.5,1610,1308.70456477295
277,87.1591725454458,0.0,9454344,134.66666666666666,112,180,1474.0,1650,1598.57089588602
278,49.8233124593214,86.8188520641738,2175592,89.33333333333333,114,40,675.0,1630,1170.93680478636
279,99.1530740276035,0.0,25504,18.666666666666668,16,24,1499.5,1790,1517.19300172421
280,89.2161634585334,0.0,10930136,142.0,116,194,1304.0,1680,1587.29732076262
281,7.9651831170964,100.0,243560,62.0,20,146,569.0,1630,748.174908952236
282,87.7208552838696,24.5457883441425,12222936,144.66666666666666,160,114,806.5,1710,1499.68221648779
283,89.0392561555449,16.868374121704,13515944,149.33333333333334,164,120,913.0,1710,1534.24738300817
284,63.4917594131788,100.0,1294568,82.66666666666667,44,160,401.0,1780,947.180189572557
285,84.0337941130396,27.4315717827799,7404840,144.0,192,48,898.5,1750,1439.30554121287
286,29.7875005218553,100.0,191624,59.333333333333336,18,142,710.0,1770,852.112305246486
287,100.0,0.0,2480888,84.66666666666667,92,70,1511.0,1770,1653.03706598027
288,99.7174894379824,0.0,10893752,143.33333333333334,170,90,1422.5,1760,1661.62667570315
289,23.109634551495,100.0,180600,35.333333333333336,38,30,1180.5,1630,1284.624443539
290,82.7198112162419,53.8496204857052,7437928,121.33333333333333,116,132,322.0,1780,1320.96004805483
291,85.4348405848636,43.3825615417023,10349080,144.66666666666666,178,78,406.5,1780,1383.76508198171
292,21.7910602429123,6.29364425774047,10190344,134.66666666666666,130,144,1136.5,1610,1490.16314388662
293,67.4766649441251,100.0,1981568,109.33333333333333,154,20,488.0,1880,973.492632989923
294,69.1906474012829,0.0,1782264,75.33333333333333,78,70,1211.0,1660,1459.39322897069
295,29.2073456576239,100.0,392504,59.333333333333336,82,14,694.5,1690,922.179068139207
296,93.0365936251987,16.2570855163987,15438536,154.66666666666666,160,144,675.5,1870,1616.56230015634
297,100.0,0.0,2381400,92.66666666666667,60,158,1487.0,1880,1710.56823978603
298,9.55005546819701,0.0,5458984,109.33333333333333,106,116,1279.0,1600,1501.27012880324
299,85.8042371069609,35.2944373671278,15454696,154.66666666666666,150,164,572.5,1720,1447.83130466702
300,0.0,100.0,44248,32.666666666666664,12,74,746.0,1670,802.392680007519
301,19.2718230086333,100.0,1309352,112.0,162,12,694.5,1750,933.06277667157
302,86.268254509736,33.4034343077643,23333960,177.33333333333334,174,184,526.5,1710,1459.92465109633
303,99.7701288540591,0.0,9253880,132.66666666666666,114,170,1268.0,1870,1682.66385714948
304,51.0623446966524,100.0,859608,99.33333333333333,144,10,893.5,1900,1083.5405920982
305,25.0763976271796,100.0,133512,64.0,14,164,1001.0,1770,1070.79903479781
306,86.9781044335841,24.5241829171174,9472968,146.66666666666666,188,64,754.5,1820,1457.08058778043
307,100.0,0.0,70200,29.333333333333332,18,52,1564.0,1890,1599.42322224184
308,76.4050938097131,74.0087461687421,3119080,97.33333333333333,70,152,416.5,1790,1180.74295296579
309,94.3507674410806,0.0046068088635,25527432,182.66666666666666,184,180,872.5,1850,1651.66280320419
310,100.0,0.0,6168120,119.33333333333333,92,174,1537.0,1690,1642.56259922957
311,74.879898731025,30.0819812933699,6939144,133.33333333333334,172,56,963.5,1680,1415.63055440165
312,75.8001945107601,46.7787051390896,15538472,156.0,142,184,535.0,1640,1370.89792461935
313,82.7186521066672,48.4713380529132,7536264,126.66666666666667,150,80,470.5,1720,1350.02532484376
314,100.0,0.0,19230328,170.0,194,122,1514.0,1690,1647.88998765742
315,88.7257437148535,0.0,17340248,166.0,194,110,1176.0,1680,1573.01756704305
316,75.5268473830001,70.0625370444291,3306840,93.33333333333333,84,112,399.0,1710,1207.96037023351
317,95.2147443447666,0.0,3701704,98.66666666666667,114,68,1369.0,1770,1621.84423943865
318,88.4065348434457,37.9299050561652,5861992,113.33333333333333,100,140,506.0,1900,1431.8207701245
319,40.838817093475,100.0,706328,78.0,110,14,554.5,1760,860.900098484844
320,84.6799682675599,54.4249124839449,2541248,84.66666666666667,84,86,457.5,1880,1308.26660953211
321,89.9191723742361,0.0,22929784,176.66666666666666,168,194,1234.0,1690,1595.43394099269
322,97.1437512056069,0.0,9331400,132.0,118,160,1157.5,1890,1679.21438526859
323,96.0480666324741,0.0,16019096,156.66666666666666,150,170,1326.5,1760,1663.4898030111
324,92.0593007014401,4.3599801527929,8367928,138.0,174,66,990.5,1850,1569.36193184245
325,79.8826803498771,63.8767531358208,2613032,88.0,102,60,507.0,1800,1251.40045885712
326,0.0,99.9996014411887,4014464,141.33333333333334,200,24,272.0,1600,820.882314667026
327,100.0,0.0,27790920,188.0,192,180,1553.0,1700,1673.82740630246
328,90.0480844731273,3.31147222242995,5348920,118.0,82,190,1004.5,1820,1535.63628535304
329,96.0957722545281,0.0,13954104,150.0,140,170,1213.5,1820,1684.11626729457
330,87.7351371903451,30.8607456369417,9573560,132.0,126,144,669.5,1760,1477.56106726984
331,0.0,87.3144933649135,3698520,99.33333333333333,80,138,416.0,1620,1128.87903444078
332,89.9166127251266,0.0,3151560,118.66666666666667,164,28,1312.0,1790,1530.95747789607
333,80.7698041203303,64.728881922764,1878296,90.0,52,166,793.5,1840,1289.72927752451
334,75.5382193387949,76.2571821071525,797816,60.666666666666664,46,90,881.0,1780,1261.15060365051
335,73.4103616095569,74.932902054363,1612568,91.33333333333333,46,182,919.0,1770,1282.60212377184
336,75.8468720354791,21.2113509812173,5759784,119.33333333333333,86,186,1026.0,1670,1447.78700521104
337,0.0,100.0,2391096,96.0,126,36,542.5,1600,1041.39048114632
338,100.0,0.0,8598616,128.66666666666666,114,158,1494.0,1810,1709.3628890542
339,100.0,0.0,4513384,113.33333333333333,144,52,1499.5,1810,1684.96011282619
340,54.8500531982039,100.0,443624,59.333333333333336,30,118,476.0,1780,829.973055618196
341,7.26041184562263,52.4109929461047,11183608,139.33333333333334,130,158,687.0,1600,1350.16037700809
342,99.8948654561987,0.0,563088,54.666666666666664,40,84,1379.5,1860,1542.40326548671
343,67.8695178160857,87.308715003796,2223384,91.33333333333333,58,158,307.5,1700,1043.00871316007
344,64.5847613580726,58.4788370954399,2369240,100.66666666666667,54,194,1000.0,1680,1335.86068265301
345,37.6305581642236,100.0,1959280,104.66666666666667,146,22,301.0,1690,803.701616068411
346,99.8119463552234,0.0,161656,41.333333333333336,22,80,1483.0,1840,1541.83822622219
347,78.212086881861,50.0810689452395,4258104,100.66666666666667,104,94,688.0,1670,1351.38629644318
348,86.1089587343003,43.8142571827345,9921848,140.66666666666666,170,82,285.0,1790,1372.97980830549
349,89.0603043483277,17.6166687817991,10401240,140.66666666666666,112,198,890.0,1740,1531.45560923106
350,6.14220175561988,0.0,3241704,94.66666666666667,110,64,1297.0,1600,1492.39884406574
351,50.7571824397069,93.0998300369984,1463848,72.0,82,52,418.5,1630,1047.14911243185
352,80.9158877600543,0.058367609523917,4961656,126.0,168,42,1253.0,1700,1507.3618682345
353,2.58469909956598,100.0,123496,60.0,14,152,708.0,1730,798.226650693231
354,87.9987849068067,0.0,368696,44.666666666666664,42,50,1402.0,1750,1522.91231871452
355,81.9115751821362,58.6233923358144,1520840,74.66666666666667,58,108,741.0,1830,1307.72971015825
356,27.4595887794277,100.0,1277368,103.33333333333333,148,14,350.5,1790,712.975653542373
357,88.8070722034859,22.1015462002763,27243560,186.66666666666666,186,188,728.0,1680,1514.5265861032
358,89.4885212396709,0.0,454056,48.0,44,56,1509.0,1690,1571.85266299226
359,7.15043906204767,62.9701823796198,5388760,110.0,98,134,306.5,1620,1220.7341122656
360,76.5785465674221,44.0751686568091,8377960,126.0,126,126,750.5,1660,1394.19734192046
361,88.9298081103876,0.0,1527128,78.0,98,38,1227.0,1800,1519.15710558711
362,65.8736035542964,0.0,248488,46.666666666666664,26,88,1500.0,1670,1536.45501512692
363,90.5739866071682,0.0,12698136,147.33333333333334,166,110,1159.5,1730,1586.97004613171
364,93.418646289989,5.56347857628511,10013016,134.0,140,122,818.5,1900,1612.74905263204
365,64.1667100988517,100.0,460488,48.0,46,52,601.5,1780,998.46952473938
366,0.0,0.0,6240664,135.33333333333334,180,46,1278.0,1620,1482.23868083193
367,5.22973693199498,63.1346101319618,12623656,146.66666666666666,128,184,370.5,1600,1266.17586656713
368,83.9929484455836,26.2625494984806,6947688,126.66666666666667,92,196,874.0,1740,1458.81463744864
369,7.68132516903261,8.9474136076154,7547656,128.0,154,76,1141.0,1610,1466.13767545121
370,99.730986510895,0.0,208168,63.333333333333336,18,154,1505.5,1860,1553.61902370667
371,100.0,0.0,10010104,135.33333333333334,120,166,1545.0,1780,1711.53375425222
372,96.4318736279695,0.0,21016296,172.0,160,196,1056.5,1880,1726.83522621589
373,62.7444658369644,78.8158779582324,868424,82.66666666666667,34,180,1079.5,1690,1295.57878779949
374,86.9531931021414,24.3262926196411,13720200,149.33333333333334,160,128,783.0,1730,1496.93373024294
375,64.6367312721193,100.0,1679528,85.33333333333333,112,32,571.5,1770,1075.64010291931
376,94.658797379033,0.392909033228581,11524296,141.33333333333334,154,116,923.0,1900,1659.49907892737
377,94.9178031657987,0.187369685766524,25741624,183.33333333333334,178,194,880.0,1860,1672.94400416374
378,66.53118220582,100.0,320824,51.333333333333336,28,98,831.0,1840,1078.79324912776
379,83.7601340805842,42.7430367517529,14019032,150.0,142,166,384.0,1680,1380.62177344947
380,67.0430299745119,100.0,693656,59.333333333333336,42,94,432.5,1830,938.423699893987
381,90.5781157170734,0.0,3406792,104.0,68,176,1307.0,1750,1569.28315630023
382,23.2821517545038,41.6761551922926,20073368,168.66666666666666,172,162,576.5,1610,1388.83609174435
383,48.3122171945701,100.0,176800,36.0,42,24,315.0,1870,621.750108889468
384,93.9756694038153,0.0,9218352,135.33333333333334,160,86,1267.0,1770,1613.1379911885
385,91.1778715721701,28.8397479174621,14729144,152.66666666666666,162,134,341.0,1900,1533.00549106821
386,87.973162652515,25.7131431145095,20284568,170.0,158,194,690.5,1700,1498.31057342524
387,89.9156626941439,2.2554597593839,6640952,116.66666666666667,114,122,1068.5,1750,1562.11188006896
388,92.7844315787923,0.0,5973528,112.66666666666667,116,106,1448.5,1690,1616.66631622954
389,87.0992873367714,31.336439552651,22755208,176.0,182,164,545.0,1730,1475.51954259369
390,79.3901882305479,35.4775124832348,2260632,84.66666666666667,100,54,972.0,1740,1400.15402754822
391,7.83585313174946,100.0,92600,47.333333333333336,14,114,585.0,1820,690.137920404653
392,100.0,0.0,18525160,168.0,192,120,1486.5,1760,1694.58446027019
393,64.1861620913846,79.3368011335262,3348136,93.33333333333333,100,80,511.5,1650,1194.13800825937
394,96.2002963059264,0.0,2953704,105.33333333333333,140,36,1545.5,1640,1592.01076325839
395,93.6638372301209,0.0,5227896,108.66666666666667,98,130,1219.5,1800,1612.20798644159
396,65.6016301474626,88.5556051717147,1558632,76.0,92,44,458.0,1680,1084.03428742498
397,48.7170663512206,100.0,371960,76.0,22,184,1112.0,1730,1228.55774050079
398,100.0,0.0,3538520,108.66666666666667,66,194,1548.0,1810,1694.25344961536
399,66.0448729543328,93.1841238134934,1017272,64.66666666666667,52,90,485.5,1730,1040.57345589943
400,30.3547861070219,0.0,15438936,163.33333333333334,198,94,1240.5,1610,1526.17182385888
401,85.4621518173247,26.0502144824012,6406120,122.66666666666667,150,68,866.0,1760,1462.45845440344
402,93.4179922524923,0.0,23474904,178.0,186,162,1425.5,1670,1624.92825864107
403,83.2541456845324,34.0032801020476,1799944,76.0,82,64,956.0,1770,1418.67734553699
404,0.0,100.0,622744,82.0,28,190,827.0,1620,1030.00729116801
405,41.031917898503,100.0,84968,37.333333333333336,16,80,790.0,1880,901.556831174472
406,89.4408479843195,29.4127821775352,20072824,171.33333333333334,192,130,412.5,1820,1505.14212013444
407,0.0,89.0236302013414,5917512,138.66666666666666,188,40,490.0,1610,1129.70791056011
408,14.7240337134184,0.0,5487192,110.0,102,126,1253.0,1610,1501.27121931071
409,78.6735629448694,49.0204998635209,3429096,106.66666666666667,66,188,849.5,1750,1358.50746746911
410,65.1763214445836,100.0,517464,71.33333333333333,28,158,637.5,1890,949.491409823003
411,81.3493768801031,60.3285199911549,1917448,82.66666666666667,102,44,602.5,1830,1267.44186624646
412,99.8688395837424,0.0,1018600,86.66666666666667,36,188,1487.0,1800,1601.85369670871
413,90.8543714502664,10.2387757385079,8080888,124.66666666666667,120,134,864.5,1830,1553.36170997546
414,71.2335200588468,44.0417586148362,1413840,90.0,124,22,1107.0,1740,1347.90680688056
415,80.4677013819309,64.0425733028338,2115880,82.66666666666667,66,116,566.5,1810,1260.60992442676
416,33.2674216549823,100.0,133512,64.0,14,164,550.0,1860,673.141030314041
417,88.3963797743852,10.5597377530777,1786408,82.66666666666667,56,136,1027.0,1860,1454.07180935117
418,95.0653753010694,0.0,24303368,181.33333333333334,198,148,1350.5,1710,1639.8280141547
419,87.9028694416553,6.07226786060976,6716568,122.0,96,174,1040.0,1740,1530.69995278498
420,94.8888465460454,0.0,3820664,103.33333333333333,76,158,1497.0,1660,1592.71953569326
421,96.0083654889746,0.0,15132648,161.33333333333334,194,96,1218.5,1820,1679.32463860263
422,77.4753622111743,1.48032007131811,4092088,138.0,194,26,1277.5,1720,1476.3552206896
423,90.087866814189,31.8604065161996,13239128,147.33333333333334,138,166,349.0,1900,1494.27481943272
424,100.0,0.0,8787544,134.0,104,194,1470.5,1830,1730.18345274037
425,88.013370072121,4.55356368464243,5995480,116.66666666666667,94,162,987.5,1780,1515.44111434629
426,66.0334600486243,40.2390161974595,5768312,127.33333333333333,166,50,968.0,1660,1378.06768446089
427,94.4228851424039,0.0,5093960,110.66666666666667,130,72,1530.5,1630,1596.63064228988
428,85.0592242097985,52.9566580644794,2811688,88.0,94,76,303.0,1880,1294.51293860117
429,0.0,100.0,47672,46.0,10,118,385.5,1800,451.76826237855
430,60.1048697495398,58.60484692972,1577576,86.66666666666667,116,28,1065.5,1680,1325.21121235135
431,52.7512697492135,0.0,1365624,76.66666666666667,98,34,1324.5,1630,1470.82898214125
432,94.0480551372326,0.0,1768968,80.0,98,44,1190.5,1870,1524.35419778881
433,100.0,0.0,5202968,128.66666666666666,172,42,1555.5,1740,1658.89157488131
434,100.0,0.0,3003016,90.66666666666667,80,112,1576.0,1890,1768.38085279378
435,65.9772047654078,93.686885574801,837368,59.333333333333336,52,74,333.5,1740,949.470630564117
436,50.3202569843278,100.0,410920,48.0,38,68,464.0,1730,843.578943926513
437,89.5975243881729,0.0,423976,46.666666666666664,48,44,1182.5,1880,1423.59969784812
438,100.0,0.0,249416,44.0,28,76,1614.5,1830,1669.72124007256
439,80.2789620287846,0.0,9635720,132.0,132,132,1385.5,1630,1570.22306800872
440,87.5201395355712,0.0,541224,52.0,60,36,1238.0,1820,1465.50246102659
441,10.696497493634,100.0,499528,70.66666666666667,100,12,297.5,1760,593.257486751676
442,100.0,0.0,3477080,100.66666666666667,124,54,1602.0,1620,1612.007835343
443,44.4634387113861,100.0,664528,68.66666666666667,94,18,762.5,1720,1033.56003702204
444,81.3436387462738,51.9418056004128,10774920,148.0,184,76,405.0,1750,1329.42965420665
445,70.0249684676568,68.65482840154,2175544,82.0,70,106,691.0,1660,1257.81067729032
446,100.0,0.0,9641544,145.33333333333334,184,68,1605.0,1800,1737.47129390282
447,95.690980794299,0.0,16944552,160.0,170,140,1256.0,1780,1665.08289226644
448,83.7087879401271,49.3543437514969,5177368,107.33333333333333,108,106,560.5,1800,1366.80794247723
449,67.7391843696697,100.0,206368,44.666666666666664,24,86,1119.0,1810,1254.88896622009
450,27.9207713961374,41.5369035578597,18611864,164.66666666666666,158,178,388.0,1620,1368.68165960475
451,99.6634885459507,0.0,20663784,170.66666666666666,162,188,1313.0,1840,1726.55783289396
452,73.292873065574,68.8654373961112,3104280,92.66666666666667,106,66,595.5,1690,1252.54167020616
453,91.0765131924407,6.53759319362617,10527544,138.0,154,106,926.0,1800,1570.71825387632
454,39.7564789991063,100.0,143232,42.0,20,86,507.0,1770,704.943958197487
455,91.0866845317717,19.6198520387545,5364648,109.33333333333333,118,92,770.5,1890,1538.79484257603
456,82.4731101318072,44.4746654968195,10029800,136.0,118,172,432.5,1670,1362.31071683053
457,79.3748636200114,53.2127881672299,6782520,136.66666666666666,180,50,636.5,1740,1321.37003235246
458,62.674465342555,100.0,577192,77.33333333333333,28,176,844.0,1820,1087.33600365632
459,1.78385745186446,71.4467740556313,7578184,122.0,126,114,369.5,1610,1218.77942983911
460,100.0,0.0,400680,80.66666666666667,22,198,1622.5,1630,1624.19218266459
461,18.8991559433868,100.0,560152,70.0,98,14,299.0,1770,630.366436653223
462,79.6175805291137,3.70134564584617,4636584,106.66666666666667,124,72,1116.0,1690,1485.39360249599
463,100.0,0.0,20080152,168.66666666666666,166,174,1555.5,1710,1673.70039594248
464,97.1316127949238,0.0,17061016,160.66666666666666,148,186,1185.5,1860,1710.70052143434
465,64.0037090335439,79.0210800753849,2657296,131.33333333333334,188,18,1058.5,1770,1291.72520366805
466,84.2748501520233,27.8673730425292,3217928,108.0,62,200,913.0,1800,1426.27002712603
467,99.9502875938462,0.0,16366136,163.33333333333334,192,106,1409.5,1750,1660.89566847358
468,77.0971965711263,69.1661524502859,3720872,102.66666666666667,126,56,474.5,1780,1223.8236210542
469,72.3918095420298,77.9714042955452,1421752,70.0,74,62,800.5,1740,1260.45364261567
470,77.3340026287458,68.4316030725943,2422448,83.33333333333333,82,86,316.5,1720,1183.41774506451
471,51.4210750443013,100.0,582376,66.66666666666667,32,136,303.0,1720,743.006238056668
472,60.9973285841496,0.0,386312,46.666666666666664,38,64,1471.5,1650,1529.06946428238
473,89.8358732938615,0.0,6970712,120.66666666666667,136,90,1101.5,1760,1563.22842195799
474,51.4371437143714,100.0,133320,36.666666666666664,22,66,826.5,1790,987.003888911899
475,69.5417689388415,6.45222350827435,2578088,85.33333333333333,90,76,1136.0,1660,1444.91961142863
476,91.5189131176981,0.0,5225368,122.0,158,50,1224.5,1790,1566.53884236061
477,82.6629498277884,41.35063460071,26597512,185.33333333333334,180,196,307.5,1660,1393.94834474128
478,41.1745657393887,100.0,1309352,112.0,162,12,697.5,1800,951.549233586024
479,68.5284485151263,99.3172356369692,720600,56.666666666666664,64,42,362.0,1850,924.953155623426
480,73.4407275753086,54.4392458559302,5480120,110.0,118,94,736.5,1670,1348.18110799973
481,0.0,0.000788708844187,6085896,132.0,174,48,1273.0,1610,1475.84659956666
482,90.53939884391,31.0602357939194,8986152,129.33333333333334,136,116,418.5,1900,1510.31532165614
483,82.7809612040175,44.4769335437083,3868648,114.66666666666667,152,40,784.0,1820,1355.15548522903
484,96.5391641065098,0.0,21928344,174.0,166,190,1138.5,1850,1719.16935319495
485,92.6207234900174,8.57555539070443,12833128,145.33333333333334,142,152,908.5,1810,1607.87503101717
486,94.3126687822681,1.50408117424326,23684360,178.66666666666666,188,160,963.0,1810,1655.67030991289
487,100.0,0.0,14328456,154.66666666666666,178,108,1393.5,1800,1690.99257054612
488,100.0,0.0,579368,62.666666666666664,34,120,1518.0,1880,1631.4516208514
489,100.0,0.0,3644760,110.0,144,42,1603.5,1890,1765.83481214552
490,90.6366511835086,2.32161710128726,3735672,102.0,124,58,1060.5,1840,1522.25924238234
491,88.6132920130028,18.4681908338758,4166472,100.0,96,108,934.0,1790,1514.06204281027
492,93.3725343664576,0.0,406792,46.666666666666664,52,36,1236.5,1900,1467.192420293
493,89.3652087231066,22.9903362335916,15833992,156.0,150,168,746.5,1730,1521.06934445908
494,87.1760547148354,39.3113024121512,11557816,140.66666666666666,148,126,401.5,1790,1430.2944936901
495,79.159773372136,0.0,4395576,103.33333333333333,116,78,1466.5,1640,1579.15471269937
496,72.426244306758,93.6112592835747,194968,37.333333333333336,30,52,1170.5,1800,1312.19420178145
497,86.0325975938847,50.9498672228613,2976416,89.33333333333333,92,84,566.0,1900,1347.939036977
498,83.5720958989742,54.0641615405554,5848488,113.33333333333333,126,88,310.5,1840,1306.11569789806
499,68.0517688577551,0.326374654221975,1205976,75.33333333333333,98,30,1272.0,1690,1447.58901478081
750,93.425537917415,0.0,5813160,116.0,92,164,1329.5,1750,1608.61818058054
751,99.7017271070539,0.0,2392440,95.33333333333333,58,170,1499.5,1730,1622.2586639921
752,100.0,0.0,316360,44.0,52,28,1498.5,1800,1582.87715244248
753,88.4171312231971,14.9799904700657,7202568,124.0,100,172,959.5,1750,1524.80321268223
754,88.2360921344613,9.65628845799781,825576,65.33333333333333,42,112,1133.5,1870,1428.93632050947
755,99.0789395135347,0.0,6030440,114.66666666666667,100,144,1517.5,1640,1597.61762606814
756,77.9380263450151,83.3098042758886,2125032,94.66666666666667,126,32,607.5,1880,1171.82411368145
757,90.1544031291468,18.9261390390783,24651832,180.66666666666666,176,190,776.0,1710,1540.64679251563
758,78.8584932209378,46.1050935789752,14242088,150.66666666666666,144,164,489.0,1650,1368.83137647182
759,16.8711410472296,100.0,99768,33.333333333333336,20,60,322.0,1690,508.624708200135
760,0.0,100.0,533864,51.333333333333336,44,66,286.5,1620,747.315485137694
761,85.6067904468221,32.3464001426425,5787896,124.66666666666667,160,54,777.0,1820,1418.95818842707
762,78.3006531706193,0.0,2465512,84.0,80,92,1241.0,1680,1502.46498864932
763,93.8373494621458,0.0,20156392,169.33333333333334,160,188,1308.5,1720,1631.84473667412
764,99.0466400152294,0.0,1050600,64.0,56,80,1358.0,1830,1566.21623406284
765,81.7520198412007,70.2289056555554,1377336,86.0,44,170,838.0,1880,1273.0928498174
766,58.8672606549004,100.0,140968,36.0,46,16,1183.0,1740,1289.04670618626
767,82.1520953215152,25.0149725364567,6238088,120.0,92,176,938.5,1710,1457.14446455186
768,99.9657475595136,0.0,46712,22.666666666666668,20,28,1540.5,1740,1558.92336153906
769,53.3440064038423,0.0,199880,73.33333333333333,16,188,1386.0,1720,1425.95344657438
770,43.0816246056782,100.0,405760,50.666666666666664,34,84,273.0,1690,690.4574382572
771,84.7704349229404,59.2173000887598,495720,49.333333333333336,46,56,1018.5,1890,1327.62520560997
772,70.5277673310768,100.0,63816,30.666666666666668,16,60,1272.5,1850,1330.46955074017
773,84.6085738649746,37.7058528901148,19597976,167.33333333333334,164,174,511.0,1700,1431.50571860993
774,81.0747730054365,63.4690217987972,1967448,79.33333333333333,90,58,514.5,1830,1247.29705464699
775,87.5178786987351,0.0,788648,82.66666666666667,32,184,1493.5,1700,1559.35147029497
776,27.5614771540558,20.0279539001326,13628152,151.33333333333334,172,110,1022.5,1610,1476.79711746352
777,71.7619986850756,100.0,559728,59.333333333333336,78,22,768.0,1890,1097.07215772524
778,90.4086994122136,8.85288190544219,12969336,146.0,140,158,1008.5,1720,1564.50875886677
779,83.6246957875228,0.0,6064840,113.33333333333333,118,104,1325.5,1670,1561.12282692688
780,93.486912963731,4.4399034691452,19230328,170.0,194,122,927.5,1810,1636.12092957785
781,0.0,100.0,561824,61.333333333333336,82,20,441.0,1620,806.230195799342
782,100.0,0.0,13941800,150.66666666666666,136,180,1471.5,1880,1769.42873772633
783,47.8186342272602,100.0,144680,56.0,16,136,728.5,1890,863.166385019617
784,100.0,0.0,471000,58.0,32,110,1530.5,1830,1619.43940847818
785,68.8227370881647,47.2437409579737,1122536,104.0,150,12,1210.0,1820,1349.14395527239
786,100.0,0.0,4280648,108.0,78,168,1526.0,1850,1717.21524158466
787,81.6304370066768,49.0701692865524,11338408,142.66666666666666,120,188,399.0,1690,1349.61092520191
788,94.6085961055245,0.0,23983512,179.33333333333334,188,162,917.0,1850,1655.86617937296
789,100.0,0.0,105240,30.666666666666668,24,44,1622.5,1720,1637.23226552487
790,100.0,0.0,415400,47.333333333333336,40,62,1571.5,1620,1586.85162111307
791,100.0,0.0,11662392,154.0,194,74,1510.0,1830,1735.14508714463
792,85.2318243169299,36.117900266297,1096520,64.0,64,64,952.0,1840,1403.3251712317
793,46.6284106777018,100.0,3924440,135.33333333333334,190,26,481.5,1660,997.889056704009
794,26.7990740859156,0.0,625544,78.66666666666667,112,12,1455.5,1660,1499.70998445666
795,71.8299042308903,88.2527321460114,1041672,65.33333333333333,52,92,674.0,1780,1156.45761728924
796,85.5648740005362,39.4658000262264,9578136,134.0,116,170,565.5,1760,1424.42417741173
797,13.6692849127818,100.0,78424,71.33333333333333,10,194,1060.5,1840,1098.90118587774
798,95.1658471741615,0.180039025952127,12192912,151.33333333333334,184,86,1010.5,1900,1665.33623098373
799,90.2370940667106,20.2350377263702,28361064,189.33333333333334,184,200,630.0,1740,2915.06741849523
800,53.3285968028419,100.0,112600,30.0,30,30,482.0,1870,717.244325500894
801,74.2256759164214,99.8048813593831,943016,77.33333333333333,38,156,607.0,1900,1056.56146885178
802,91.6094333650194,10.7665897881497,16604552,160.0,176,128,914.0,1760,1582.17144549598
803,90.2413387555239,0.368209042752627,2496408,84.66666666666667,78,98,1105.5,1810,1548.01489050721
804,92.9150679249196,0.0,385720,51.333333333333336,32,90,1469.0,1730,1541.3229879751
805,79.8292669618212,35.8217632880692,4251784,124.0,168,36,937.0,1780,1371.08565964176
806,100.0,0.0,4818424,134.0,184,34,1602.0,1620,1611.25389921066
807,74.6265007314577,76.6136618883626,1930392,78.0,70,94,534.0,1760,1188.16084431305
808,11.6182580236293,46.4590100695284,13065160,148.0,164,116,709.0,1600,1373.2610085083
809,38.1301775147929,100.0,67600,26.0,30,18,1002.5,1740,1090.67407667149
810,96.0879987759057,0.941872524184362,470552,81.33333333333333,24,196,1322.0,1880,1443.5195306396
811,92.4222214104259,0.0,8102744,124.66666666666667,122,130,1429.0,1690,1614.68304767472
812,87.2968919461602,29.0139844665605,14641960,152.0,146,164,687.0,1720,1482.63273853089
813,56.5677389241122,0.0,205672,37.333333333333336,42,28,1343.0,1690,1426.30547376866
814,84.5836733839747,55.0873070679713,2676072,94.66666666666667,64,156,509.5,1900,1299.22159924082
815,0.0,0.0,531288,56.666666666666664,36,98,1491.5,1620,1533.78104214474
816,95.6910674546256,0.390172580552539,12398616,158.0,200,74,996.0,1900,1723.59468293267
817,69.7360700793643,0.0,1554352,94.0,130,22,1320.0,1710,1460.975260722
818,100.0,0.0,4266472,110.66666666666667,140,52,1520.5,1750,1649.05686396981
819,95.1065416788357,0.0,14983432,157.33333333333334,182,108,1523.5,1630,1604.63883740238
820,1.64143200792415,100.0,113072,40.0,18,84,388.0,1650,545.0044296334
821,44.6440767008143,100.0,152280,35.333333333333336,26,54,272.0,1800,561.77613884416
822,99.9996264805378,0.0,6425368,120.66666666666667,144,74,1370.0,1900,1730.10387069184
823,60.4961989943651,100.0,870296,67.33333333333333,42,118,683.0,1720,1078.68869239992
824,91.1779904654463,0.0,1099160,64.66666666666667,58,78,1363.0,1760,1558.63273806881
825,100.0,0.0,2195704,99.33333333333333,52,194,1598.5,1750,1667.47392710963
826,99.9993729372248,0.0,3827368,108.0,138,48,1365.5,1900,1653.5488965684
827,20.1675220786229,0.0,7115480,119.33333333333333,118,122,1276.0,1610,1516.00788924516
828,81.8407935982555,27.4186639668231,1643552,93.33333333333333,128,24,1127.5,1810,1394.16585957732
829,61.8877218399131,100.0,552200,58.0,36,102,262.5,1870,759.090084774025
830,95.0466348017052,0.0,1548200,82.66666666666667,50,148,1488.0,1700,1582.34491985787
831,81.8900690494175,29.1085963071151,10771416,140.66666666666666,162,98,871.5,1660,1457.85944435549
832,98.5696429654505,0.0,26247992,184.66666666666666,192,170,1186.0,1900,1766.79688020516
833,67.2806685038913,83.9717518175889,2342664,88.0,108,48,555.5,1690,1160.75653925853
834,63.7600993746616,100.0,753512,80.0,32,176,525.5,1860,915.150878151771
835,100.0,0.0,7075192,119.33333333333333,114,130,1442.0,1900,1759.7563020707
836,89.5604770017036,0.764062188252989,13031400,149.33333333333334,126,196,1021.5,1740,1564.46724124938
837,80.8039404743219,3.30709838479419,5351640,111.33333333333333,128,78,1138.5,1670,1500.62133283423
838,99.0199496416812,0.0,206520,54.666666666666664,20,124,1481.0,1790,1531.95973857022
839,88.7507522307807,11.5709751554963,7564168,129.33333333333334,96,196,953.0,1770,1530.0515985365
840,83.4425429571908,0.0,26247992,184.66666666666666,192,170,1292.0,1630,1570.80087053215
841,10.3668696805181,0.0,2491784,94.66666666666667,122,40,1458.0,1620,1545.31537011596
842,72.8630570921118,73.6043109008474,2517896,86.66666666666667,72,116,354.0,1680,1157.04903794598
843,85.2863309190991,35.8026377582236,4275752,103.33333333333333,86,138,782.0,1790,1428.69502638287
844,29.1370515037032,100.0,374808,68.0,24,156,580.0,1730,807.248037633628
845,55.343064138078,100.0,300352,46.666666666666664,60,20,1027.5,1750,1200.85917071902
846,83.5176771491174,11.0098827746446,4713656,132.66666666666666,182,34,1132.5,1760,1471.08211517368
847,80.2598558554104,0.0,647128,54.0,58,46,1214.0,1760,1435.09367897634
848,55.0113495722783,44.6562506247263,4401928,114.66666666666667,148,48,999.0,1630,1370.53622114445
849,80.39325919567,4.47764834522856,13447416,150.0,130,190,1135.5,1630,1521.85178371448
850,88.4405473400597,32.4391097274486,3361128,96.0,112,64,730.0,1900,1432.09895516788
851,79.9282930829525,30.574863165657,6292280,123.33333333333333,88,194,926.5,1690,1439.21472517703
852,96.5799002144315,0.0,15105992,154.66666666666666,140,184,1122.0,1870,1688.88274697927
853,0.0,100.0,40424,40.0,10,100,779.5,1860,829.095082537589
854,60.2846224799051,0.0,60712,24.666666666666668,22,30,1382.5,1720,1424.02546584246
855,82.9762854593403,46.4167207271697,3218616,99.33333333333333,124,50,766.5,1820,1357.40584707876
856,40.6604471888983,93.8849952320301,1199672,66.0,64,70,854.0,1630,1213.36044666048
857,65.2944742070096,88.2119219220271,2283256,84.66666666666667,68,118,475.5,1690,1120.83357068963
858,96.3378294183845,0.0,31214712,195.33333333333334,196,194,1183.0,1780,1674.0479010104
859,91.6934506353861,6.90719173299819,7161000,125.33333333333333,150,76,912.0,1860,1560.44999163236
860,82.8311114757724,62.2076119876856,2242568,81.33333333333333,78,88,472.5,1890,1250.47166671282
861,75.4779463429238,0.0,1309352,112.0,162,12,1419.0,1740,1495.68791130999
862,53.9511767996562,100.0,986744,91.33333333333333,130,14,629.0,1830,940.213945723585
863,64.7827719995831,49.1773201106739,4068168,100.0,90,120,878.5,1630,1368.69169690079
864,0.0,80.0354139947372,3736376,107.33333333333333,70,182,376.5,1610,1131.42569090271
865,9.53583915757736,10.3925161107359,10719560,154.66666666666666,200,64,1101.0,1610,1490.51234515807
866,77.1078402130595,88.7048821649248,4157336,131.33333333333334,182,30,538.5,1880,1150.36027263198
867,22.2432722021212,0.0,4636584,106.66666666666667,124,72,1470.5,1600,1555.48277113684
868,87.549396171136,38.441572824429,7945960,130.66666666666666,158,76,474.0,1860,1422.35516887824
869,74.5560932057735,51.3453524108708,13512296,148.0,142,160,470.5,1640,1341.68525607368
870,54.793122202234,100.0,956120,88.66666666666667,34,198,506.0,1740,906.891803595695
871,31.1572610758658,100.0,1060504,110.0,160,10,611.5,1860,853.676047261808
872,35.9352689195621,100.0,16808,17.333333333333332,12,28,1170.0,1890,1199.16852447578
873,100.0,0.0,991848,68.0,46,112,1598.0,1770,1668.50870840287
874,58.1228009841009,70.7074353775266,5140936,114.0,84,174,628.0,1630,1258.58362575337
875,63.8771144212499,99.7143122898867,602056,53.333333333333336,46,68,436.0,1770,932.898962812936
876,58.2586027645616,97.0300680641411,1562056,82.66666666666667,108,32,586.0,1660,1087.56879623566
877,62.7575604269302,34.3783921844071,1628744,76.66666666666667,92,46,1113.5,1640,1395.32363845444
878,74.8471875643873,0.0,349448,58.666666666666664,26,124,1465.5,1690,1519.8561962514
879,99.9864164410458,0.0,2591368,97.33333333333333,60,172,1366.5,1880,1626.05576795859
880,81.7618513279045,25.7366006284117,11485464,155.33333333333334,198,70,910.5,1670,1460.83833941162
881,91.3294407143378,6.49107653564587,10419720,136.0,144,120,950.5,1790,1579.2149305732
882,93.7271983693183,0.0,1232368,91.33333333333333,128,18,1515.5,1700,1575.70877959353
883,91.1933197870934,12.5785662967168,14776056,162.0,198,90,703.0,1860,1561.44187513665
884,75.6855238578446,95.5443832014944,346888,45.333333333333336,36,64,961.5,1840,1227.74659443393
885,93.6500780301717,0.0,3921560,98.0,94,106,1091.0,1870,1599.64107118854
886,0.0,100.0,616536,84.66666666666667,122,10,912.0,1690,1051.9676048231
887,80.8389093121049,52.0747930496416,302488,52.666666666666664,72,14,1199.0,1880,1345.85685544626
888,93.8989268317195,0.0,2547224,86.0,96,66,1099.5,1900,1570.48509253912
889,32.8484027578482,0.0,8056136,125.33333333333333,136,104,1284.0,1620,1532.37524184774
890,82.0216179420327,60.5566735730407,2420952,86.0,70,118,506.0,1830,1272.29984988256
891,89.3076690131898,4.16199766207456,25123128,183.33333333333334,200,150,1022.0,1670,1833.34923431468
892,72.3109718294309,90.6129243207895,941976,63.333333333333336,50,90,492.0,1830,1053.8797444346
893,64.4190408812473,95.9736542519138,3211448,116.66666666666667,160,30,701.0,1740,1165.42697221877
894,87.6715277806328,24.5973687269373,21404696,172.66666666666666,164,190,736.0,1680,1498.45237161096
895,0.0,100.0,148792,43.333333333333336,60,10,386.5,1610,547.903513834471
896,83.0237246732424,41.985003118134,8043272,126.0,140,98,649.5,1730,1406.02359197393
897,45.9568551110405,0.0,2013680,106.0,148,22,1386.0,1650,1484.6484912239
898,100.0,0.0,12478664,144.0,140,152,1500.5,1830,1748.58419874003
899,84.1210424864583,31.9242680089926,13725032,152.0,128,200,704.0,1680,1474.16116035861
900,92.0982311263055,0.0,5068536,107.33333333333333,98,126,1257.5,1760,1595.35474517443
901,0.883302191268898,0.0,47096,28.666666666666668,14,58,1392.0,1640,1411.76526463019
902,32.9763191510268,0.0,81416,53.333333333333336,12,136,1453.5,1680,1469.78927257431
903,86.1526679726019,17.5270305134039,7845208,123.33333333333333,126,118,912.5,1740,1498.20719505869
904,100.0,0.0,2894248,89.33333333333333,98,72,1500.5,1870,1729.19448579966
905,0.0,37.5796947417725,6029256,121.33333333333333,150,64,1003.5,1620,1397.37059080343
906,0.058567818500431,47.4833338388988,3428504,100.66666666666667,72,158,981.5,1620,1372.97864436721
907,13.7026988248321,47.8976760096984,9868888,135.33333333333334,152,102,529.0,1600,1334.01281438267
908,18.2819055522165,51.2329814744794,15000712,153.33333333333334,146,168,360.0,1620,1321.30089666223
909,97.4026660352641,0.0,30881512,194.66666666666666,192,200,947.5,1900,3675.83322862504
910,99.9971772941542,0.0,283416,61.333333333333336,22,140,1555.5,1870,1612.01676664705
911,88.0381031030593,6.51765501781642,15538472,156.0,142,184,969.5,1720,1543.44038150152
912,61.3254734273012,95.1890879835454,3251608,104.66666666666667,136,42,481.0,1690,1101.2020337079
913,84.660899524398,65.2473504849642,213624,37.333333333333336,40,32,1148.5,1890,1331.26425504552
914,68.1330472103004,100.0,1543392,90.66666666666667,124,24,528.5,1860,1014.82109234766
915,86.194397753843,22.6422052495128,9371384,147.33333333333334,190,62,904.0,1730,1481.91645889744
916,92.3403349592083,0.072211579929193,7178904,127.33333333333333,94,194,999.5,1850,1570.09110900204
917,90.9178344948182,0.0,19022776,166.0,174,150,1240.0,1680,1594.23184061724
918,26.055817947617,28.4482610562473,465800,80.66666666666667,24,194,1287.0,1630,1366.54958142676
919,30.1850469492791,0.0,2239864,135.33333333333334,196,14,1408.0,1650,1474.76910772272
920,93.348913010055,0.0,1300840,68.0,72,60,1345.0,1790,1579.92928514763
921,100.0,0.0,881272,60.666666666666664,52,78,1615.0,1670,1637.23182770421
922,76.7894676616016,29.6547238332701,1328328,84.0,44,164,1094.0,1760,1376.42181230683
923,0.0,100.0,160600,75.33333333333333,14,198,480.0,1620,588.919888227979
924,49.6439367810262,100.0,394312,64.0,26,140,897.5,1720,1090.18522555776
925,82.6512018162973,59.790336113716,4052200,110.66666666666667,142,48,472.5,1890,1255.98293408975
926,100.0,0.0,24348040,180.0,174,192,1434.0,1810,1731.67958098252
927,99.7447901701962,0.0,473336,55.333333333333336,34,98,1392.5,1880,1555.43472740131
928,85.5745404227276,43.5447800299487,4503704,102.66666666666667,98,112,569.5,1790,1396.40393826524
929,58.6679125885722,91.8606762354115,3304648,121.33333333333333,168,28,776.5,1670,1191.3718827686
930,73.6972805110923,31.6536808711173,12061384,157.33333333333334,200,72,868.0,1630,1431.64882993371
931,94.0075956190429,0.0,8162600,125.33333333333333,118,140,1105.0,1830,1628.7794250996
932,99.8298620651756,0.0,3639400,108.0,68,188,1325.5,1860,1618.59088724007
933,84.2077438484789,31.7042237902819,25755256,183.33333333333334,188,174,529.5,1640,1442.15880212098
934,85.6503605129354,3.97322502187571,12607592,156.0,194,80,1072.0,1690,1528.17832630733
935,73.3363034587325,0.0,19859992,171.33333333333334,194,126,1516.0,1600,1582.482500335
936,92.1245295037821,13.5010778615964,14744008,162.66666666666666,200,88,659.0,1850,1777.23556613275
937,22.0602783090417,0.0,121304,34.666666666666664,22,60,1474.0,1640,1500.70502405898
938,62.7664681305005,0.0,10349080,144.66666666666666,178,78,1506.0,1610,1577.77251507207
939,84.072487550526,50.2681698385298,1126152,68.0,82,40,849.5,1870,1341.81311565108
940,87.4220716035299,31.4046684338266,3576360,101.33333333333333,74,156,788.0,1860,1436.80399376354
941,28.5798720013636,6.93578276608843,23091496,177.33333333333334,188,156,1100.5,1600,1501.58099348035
942,100.0,0.0,13290584,148.66666666666666,164,118,1356.5,1870,1744.11798810094
943,73.9271573549936,61.7181594804198,3376264,98.66666666666667,120,56,637.5,1670,1277.95750733419
944,99.7772921509402,0.0,574744,59.333333333333336,36,106,1407.5,1860,1567.20530316069
945,62.4919277355132,74.7456252264172,2031648,78.66666666666667,76,84,838.0,1660,1280.10014459557
946,0.0,0.0,81112,32.0,18,60,1467.5,1600,1484.27865833957
947,86.4667778911036,0.0,5921960,113.33333333333333,102,136,1117.5,1730,1532.06374136407
948,75.3681642450297,65.4303256066116,7319016,124.0,102,168,360.0,1690,1252.75129817355
949,0.0,100.0,213512,64.66666666666667,18,158,928.0,1630,1023.00813393988
950,79.9619857697464,0.0,8611512,127.33333333333333,132,118,1425.0,1630,1577.16394236105
951,99.5703327668644,0.0,2575016,86.66666666666667,98,64,1418.5,1810,1652.78689308354
952,83.0588679790938,51.1916561910382,6860368,120.66666666666667,138,86,356.0,1740,1325.32538514215
953,0.0,85.9272474469308,2520104,90.66666666666667,112,48,568.0,1600,1146.03854497487
954,76.4395318936299,18.8932537060916,4274584,102.0,90,126,1038.5,1680,1448.86150285618
955,90.5400850437209,23.3304850329131,11843320,144.66666666666666,122,190,629.5,1850,1533.52309048813
956,85.9401182312866,0.0,8646104,127.33333333333333,128,126,1137.0,1700,1542.81344500432
957,28.1421129958595,100.0,59896,25.333333333333332,30,16,944.0,1690,1029.49928534839
958,99.1267764107331,0.0,327064,43.333333333333336,48,34,1411.5,1820,1535.05563180244
959,91.4645074057776,6.81945111547138,13507832,148.66666666666666,160,126,914.5,1790,1581.16619268562
960,62.4739513226247,100.0,802344,73.33333333333333,36,148,486.0,1820,920.057840311376
961,81.6091100734639,44.2754837749386,21445096,173.33333333333334,186,148,387.0,1670,1385.36532358405
962,93.8478549003913,5.37291992187097,19368984,167.33333333333334,156,190,768.5,1880,1639.52464629234
963,20.4663079155048,99.9993140513158,2332536,138.0,200,14,736.5,1730,1005.6475035103
964,95.0596598944624,0.0,4440504,102.0,100,106,1128.5,1880,1621.02524892984
965,91.6815014007355,13.8147586816088,11248376,139.33333333333334,146,126,845.5,1810,1580.19396823691
966,0.0,84.978907564009,2050024,85.33333333333333,60,136,718.0,1620,1196.72235767036
967,81.1846805335873,19.6613971386745,6519496,122.66666666666667,92,184,999.5,1690,1469.56329145402
968,91.4375475614487,24.503066140394,13508840,148.0,154,136,486.5,1900,1547.43413456226
969,100.0,0.0,530784,52.0,42,72,1597.5,1890,1697.09239687685
970,17.6322869955157,100.0,44600,24.666666666666668,16,42,909.0,1750,977.457189420328
971,93.3000423242402,0.487733582609914,13136680,148.0,132,180,985.5,1820,1624.38316257906
972,61.8088495221737,32.2719964849562,1602256,103.33333333333333,146,18,1212.0,1700,1373.96080969687
973,93.1885398644512,18.0296445942454,22199528,174.66666666666666,182,160,508.0,1900,1620.2362699537
974,85.8922796714121,0.0,3228360,120.0,166,28,1313.5,1750,1509.0456740372
975,57.860887905298,100.0,538616,79.33333333333333,114,10,1088.0,1810,1223.59846928987
976,15.6901767234517,33.4059769426,8542160,131.33333333333334,154,86,936.0,1620,1428.04570924852
977,84.0318327040372,15.1525994772001,10329000,137.33333333333334,154,104,1015.0,1670,1504.03937397477
978,36.5512197670167,100.0,153144,37.333333333333336,24,64,386.5,1690,643.930527891366
979,57.4208052873221,31.7166190392351,2953480,105.33333333333333,60,196,1105.5,1630,1403.82625102916
980,0.0,25.1583259591516,3806072,104.66666666666667,74,166,1127.0,1600,1415.17227857269
981,78.2433652100721,0.317753281478702,2366616,91.33333333333333,116,42,1225.0,1710,1476.85189238109
982,86.1031845379798,45.9748949225438,7611528,125.33333333333333,104,168,355.5,1860,1375.35787452425
983,74.4334620116235,21.5935180078904,4714600,121.33333333333333,160,44,1061.0,1700,1421.6361900275
984,91.8488084268095,1.13135169799137,23240872,177.33333333333334,170,192,1051.5,1720,1596.61256633411
985,90.0706951655586,26.7005424745664,11206424,140.66666666666666,124,174,555.0,1870,1508.05024677389
986,0.0,21.7754337606692,5862680,140.66666666666666,192,38,1130.0,1620,1409.17721682491
987,76.9410329675815,39.6415118705649,7371848,140.0,184,52,858.5,1710,1385.27302073674
988,96.3106954761026,0.0,10379192,135.33333333333334,136,134,1198.5,1840,1667.50500161862
989,45.0300969419933,0.0,7319016,124.0,102,168,1449.5,1620,1568.75574563594
990,82.6347904371312,46.1131238779918,13515944,149.33333333333334,164,120,395.0,1690,1368.12436309554
991,43.769103475129,75.6059573639638,410920,48.0,38,68,1177.0,1650,1329.44589546779
992,86.564590790682,13.4785134653948,426872,48.0,40,64,1140.0,1870,1405.35035150656
993,73.1402671806571,50.4148387347247,10509144,139.33333333333334,160,98,462.0,1630,1326.68094873316
994,67.7821168428645,79.0639748579696,3693576,106.66666666666667,70,180,505.5,1670,1184.4918225444
995,88.7908664213308,23.0746801793643,9849896,133.33333333333334,140,120,813.5,1740,1514.65973680737
996,7.23428463070067,100.0,84376,27.333333333333332,26,30,511.0,1630,671.757708448573
997,92.7210407900704,0.433986557061042,16459496,158.66666666666666,170,136,990.5,1790,1612.36355671408
998,15.6696870985711,41.4088176919087,8774904,128.0,126,132,750.0,1600,1386.15540322724
999,56.3800273938488,88.7605528576765,1606200,72.66666666666667,72,74,758.5,1650,1207.92197220446
